host_id,listings_count,avg_price,avg_rating,superhost_ratio,cluster_id
4804,1,115.19,4.96,1.0,1
8229,11,411.38545454545454,4.8536363636363635,1.0,1
26988,4,79.97,4.885,1.0,1
38997,12,100.12166666666667,4.649166666666667,1.0,1
49383,2,39.58,4.925,0.0,0
69587,7,254.0,4.874285714285714,1.0,1
71783,52,147.26846153846154,4.637307692307692,0.0,2
85130,7,379.2857142857143,4.594285714285713,1.0,1
100252,1,278.85,4.85,0.0,0
119019,6,142.09666666666666,4.466666666666667,1.0,1
128280,1,369.5,4.97,0.0,0
164826,1,350.65,4.9,0.0,0
172007,1,406.26,4.81,0.0,0
174986,1,154.2,4.98,1.0,1
191880,1,194.0,5.0,1.0,1
197327,2,87.745,4.695,1.0,1
202410,1,656.5,4.97,0.0,0
203439,1,187.0,5.0,0.0,0
205107,1,142.24,4.67,1.0,1
226220,2,291.43,4.779999999999999,0.0,0
255183,1,63.0,4.74,0.0,0
266009,1,278.85,4.85,0.0,0
306407,1,278.85,5.0,0.0,0
311113,1,278.85,5.0,0.0,0
392970,1,1254.5,4.66,1.0,1
416912,1,154.9,4.36,0.0,0
432317,1,1110.6,4.96,0.0,0
449295,1,865.67,5.0,1.0,1
459545,1,278.85,4.85,0.0,0
463127,1,278.85,5.0,0.0,0
480310,2,902.5899999999999,4.98,1.0,1
501427,1,211.33,4.81,1.0,1
557469,1,456.47,4.85,0.0,0
630381,1,51.88,4.85,0.0,0
635157,1,629.33,4.93,1.0,1
697401,3,111.72666666666667,4.916666666666667,1.0,1
741190,1,278.85,5.0,0.0,0
757253,12,444.5491666666667,4.819166666666667,1.0,1
771785,1,316.55,4.97,1.0,1
775932,1,278.85,5.0,0.0,0
799496,3,368.81666666666666,4.98,1.0,1
814298,57,292.21421052631575,4.3921052631578945,0.0,2
883209,1,173.33,4.92,1.0,1
884747,1,278.85,4.5,0.0,0
887148,3,141.21,4.8999999999999995,0.0,0
914769,1,269.0,4.8,1.0,1
953185,1,420.97,4.9,1.0,1
964356,1,60.06,4.97,0.0,0
965697,2,216.005,4.875,1.0,1
984499,2,516.5,4.9399999999999995,1.0,1
987917,1,119.96,4.6,0.0,0
1012005,1,679.0,4.85,0.0,0
1031357,1,399.41,5.0,0.0,0
1035747,1,224.67,4.89,1.0,1
1144302,1,290.24,4.93,1.0,1
1173834,1,278.85,4.96,1.0,1
1210218,1,278.85,5.0,0.0,0
1220559,1,822.0,4.94,1.0,1
1355344,1,501.0,4.86,1.0,1
1407005,3,127.81333333333332,4.46,0.0,0
1414385,1,714.0,4.91,1.0,1
1450086,2,278.85,5.0,0.0,0
1454372,1,1391.0,4.85,0.0,0
1487352,1,289.29,4.93,1.0,1
1531239,1,741.0,4.73,0.0,0
1536237,1,550.0,4.62,1.0,1
1587128,1,278.85,5.0,0.0,0
1760577,1,67.12,4.76,1.0,1
1788949,1,499.5,4.94,1.0,1
1911807,2,619.09,4.975,1.0,1
1921132,1,278.85,5.0,0.0,0
1922657,2,512.7,4.925000000000001,1.0,1
1956464,1,278.85,4.93,0.0,0
1984434,1,215.51,4.63,0.0,0
2006852,25,436.028,4.7707999999999995,1.0,1
2027428,1,1274.31,4.97,1.0,1
2053557,1,91.4,4.85,1.0,1
2066140,2,200.0,4.9350000000000005,0.0,0
2120816,1,113.46,4.45,0.0,0
2127414,1,78.39,4.88,0.0,0
2134782,4,258.09749999999997,4.5625,0.0,0
2186786,1,197.28,4.98,0.0,0
2221632,1,278.85,4.85,0.0,0
2236975,1,538.5,4.78,1.0,1
2355815,1,278.85,5.0,1.0,1
2356643,31,203.9748387096774,4.19258064516129,0.0,2
2494599,1,999.0,4.8,1.0,1
2707695,3,88.67333333333333,4.913333333333333,1.0,1
2796082,2,615.415,4.895,1.0,1
2800145,1,278.85,5.0,0.0,0
2851756,1,18.76,5.0,0.0,0
2881238,1,1641.39,5.0,1.0,1
2935501,1,281.49,4.85,0.0,0
2964887,1,337.22,4.94,1.0,1
3029783,3,485.7633333333333,4.836666666666667,1.0,1
3031050,1,688.51,4.85,0.0,0
3033456,1,425.4,4.93,0.0,0
3085882,1,278.85,4.4,0.0,0
3230419,1,884.67,4.8,0.0,0
3335303,1,178.6,4.86,1.0,1
3340035,2,1812.7150000000001,4.91,1.0,1
3387042,1,278.85,4.76,0.0,0
3521413,1,278.85,4.0,0.0,0
3588191,1,278.85,4.8,0.0,0
3634393,2,297.95,4.665,1.0,1
3634931,1,196.0,4.85,0.0,0
3637081,11,277.0790909090909,4.3590909090909085,0.0,0
3648427,1,271.5,4.91,1.0,1
3668535,1,445.95,4.89,1.0,1
3717713,1,278.85,4.85,0.0,0
3731207,3,421.4666666666667,4.91,1.0,1
3765817,1,172.0,4.87,0.0,0
3887707,1,171.5,4.58,0.0,0
3945438,1,114.5,4.89,1.0,1
3962517,1,19.17,4.82,0.0,0
3991218,1,215.0,4.69,0.0,0
4071493,1,45.8,4.85,0.0,0
4111092,1,278.85,4.46,0.0,0
4224126,1,695.75,4.85,0.0,0
4225663,1,628.0,4.5,0.0,0
4231359,1,278.85,4.96,0.0,0
4271667,1,117.31,4.88,1.0,1
4366463,1,1461.0,4.95,1.0,1
4375564,5,154.976,4.782,0.0,0
4383223,1,188.07,5.0,0.0,0
4434391,3,1299.8066666666666,4.93,1.0,1
4436209,1,514.0,4.81,1.0,1
4453414,1,154.67,5.0,0.0,0
4468102,1,285.29,4.85,0.0,0
4544907,1,278.85,4.85,0.0,0
4546050,5,162.468,4.904,1.0,1
4555261,1,278.85,4.59,0.0,0
4724006,1,72.46,4.71,0.0,0
4762495,3,126.83333333333333,4.933333333333334,1.0,1
4819064,1,310.5,5.0,0.0,0
5139380,1,208.23,4.7,0.0,0
5208833,1,278.85,4.85,0.0,0
5322468,1,23.46,4.85,0.0,0
5341214,1,74.76,4.85,0.0,0
5355690,1,278.85,4.86,0.0,0
5408229,1,220.35,4.83,1.0,1
5424940,2,345.115,4.92,1.0,1
5430185,7,396.71999999999997,4.852857142857142,1.0,1
5480536,2,126.0,4.95,1.0,1
5490203,1,416.67,4.85,0.0,0
5522398,1,278.85,4.85,0.0,0
5578043,1,1383.0,4.76,1.0,1
5599997,1,160.33,4.85,0.0,0
5615582,10,426.95500000000004,4.88,0.0,0
5616611,1,278.85,4.85,0.0,0
5618949,9,149.88222222222223,4.674444444444444,0.0,0
5681297,3,540.2333333333333,4.933333333333334,1.0,1
6107328,1,363.47,4.94,1.0,1
6209951,1,278.85,4.96,0.0,0
6223931,1,278.85,5.0,0.0,0
6391028,1,217.06,4.71,1.0,1
6457159,1,217.0,5.0,0.0,0
6508758,1,44.87,4.8,0.0,0
6518778,1,278.85,5.0,0.0,0
6570954,1,79.15,4.94,1.0,1
6574212,3,163.55666666666667,4.926666666666667,1.0,1
6608084,2,188.12,4.885,1.0,1
6609156,1,660.86,4.98,1.0,1
6795408,1,87.77,5.0,0.0,0
6824319,1,278.85,4.92,0.0,0
6885890,1,278.85,4.87,0.0,0
6933825,1,293.8,4.83,0.0,0
7069145,1,278.85,4.92,0.0,0
7302835,1,278.85,4.85,0.0,0
7303930,4,112.91,4.84,1.0,1
7324551,4,157.3025,4.7675,1.0,1
7356648,1,589.67,4.97,0.0,0
7362903,3,289.3666666666667,4.826666666666667,0.0,0
7427795,7,324.2514285714286,4.394285714285714,1.0,1
7437427,1,158.74,4.61,0.0,0
7506334,1,278.85,5.0,0.0,0
7614614,1,108.5,4.82,0.0,0
7651528,1,278.85,4.91,0.0,0
7679039,3,160.44,4.89,1.0,1
7694569,1,541.33,4.87,1.0,1
7723912,4,106.16749999999999,4.8075,1.0,1
7848820,1,217.67,4.88,1.0,1
7988017,3,81.11333333333333,4.83,0.0,0
8008453,1,677.0,5.0,1.0,1
8015347,3,33.77666666666667,4.95,1.0,1
8207666,1,162.3,4.81,1.0,1
8214532,1,267.5,4.89,0.0,0
8261931,1,156.57,4.85,0.0,0
8281556,1,454.19,4.92,1.0,1
8441226,1,120.85,4.73,0.0,0
8503653,1,66.38,4.86,0.0,0
8513158,3,55.18,4.903333333333333,1.0,1
8548866,2,537.5,4.955,1.0,1
8790904,1,278.85,4.88,0.0,0
8814724,1,268.5,4.91,1.0,1
8834105,2,172.36,4.8,0.0,0
8898973,5,79.596,4.892,0.0,0
8924550,1,278.85,5.0,0.0,0
8985714,1,599.12,4.81,0.0,0
9056166,3,936.5366666666665,4.9366666666666665,1.0,1
9073339,3,491.1766666666667,4.873333333333334,1.0,1
9090219,1,137.0,4.9,1.0,1
9241244,2,278.85,4.915,0.0,0
9410008,19,831.1589473684211,4.935789473684211,1.0,1
9419684,9,248.42777777777778,4.392222222222222,0.0,0
9485021,1,1472.12,4.97,0.0,0
9508341,2,144.0,4.915,1.0,1
9529655,4,90.905,4.595,0.0,0
9622924,1,278.85,4.41,0.0,0
9653086,5,192.68400000000003,4.818,1.0,1
9658771,2,130.5,4.654999999999999,0.0,0
9663343,2,61.635000000000005,4.6899999999999995,0.0,0
9669662,1,60.89,5.0,0.0,0
9681121,1,434.48,5.0,1.0,1
9705586,2,207.75,4.74,1.0,1
9785157,1,228.9,5.0,0.0,0
9795590,1,98.89,4.69,0.0,0
9898255,3,178.83333333333334,4.723333333333334,0.0,0
9931361,1,1700.0,4.85,0.0,0
10197317,8,382.86875,4.75,0.0,0
10250028,1,799.0,4.92,1.0,1
10258834,1,278.85,4.71,0.0,0
10393465,1,795.4,4.87,0.0,0
10419205,1,1295.24,4.85,0.0,0
10502779,1,1170.0,4.98,1.0,1
10619687,1,35.65,4.83,0.0,0
10692181,5,450.0,4.944,0.0,0
10717877,1,278.85,4.85,0.0,0
10750832,1,278.85,4.31,0.0,0
10778805,2,64.305,4.869999999999999,0.0,0
10844648,1,98.78,4.84,0.0,0
11124961,1,116.0,4.45,0.0,0
11132354,1,109.14,4.84,0.0,0
11228809,6,213.64166666666665,4.94,1.0,1
11722054,1,1169.75,5.0,0.0,0
11766878,2,402.0,5.0,1.0,1
11826335,1,278.85,4.88,0.0,0
12102465,1,78.8,5.0,0.0,0
12150111,1,254.0,4.96,1.0,1
12165186,3,108.72666666666667,4.923333333333333,1.0,1
12195484,1,142.45,4.87,0.0,0
12230539,1,278.85,4.86,0.0,0
12357599,1,138.14,4.65,0.0,0
12369993,1,494.67,4.99,1.0,1
12452436,2,278.85,4.855,0.0,0
12581156,1,178.83,4.91,1.0,1
12612608,1,278.85,5.0,0.0,0
12788484,1,278.85,4.98,1.0,1
12795084,1,172.0,4.98,1.0,1
12982278,1,278.85,4.96,0.0,0
13182915,1,277.84,5.0,0.0,0
13242712,1,518.09,4.85,0.0,0
13271600,1,309.73,4.73,0.0,0
13544760,1,203.5,4.96,1.0,1
13561853,2,45.495,4.165,0.0,0
13565868,1,278.85,4.25,0.0,0
13595892,1,278.85,4.85,0.0,0
13776857,1,392.0,4.94,0.0,0
13819661,4,115.7575,4.9825,1.0,1
13822322,1,309.76,4.61,0.0,0
13852368,1,243.64,4.99,1.0,1
13897255,1,394.85,5.0,0.0,0
13960633,2,278.85,5.0,0.0,0
14016102,2,252.25,4.885,1.0,1
14043189,2,339.75,4.865,1.0,1
14133713,1,1000.41,4.4,0.0,0
14211557,1,278.85,5.0,0.0,0
14302227,1,321.24,5.0,0.0,0
14303759,2,17.645,4.865,0.0,0
14338444,2,361.75,4.475,0.0,0
14361434,1,356.32,4.85,1.0,1
14381568,1,600.0,5.0,0.0,0
14399992,1,278.85,4.94,0.0,0
14460209,1,278.85,4.5,0.0,0
14561673,1,260.84,5.0,0.0,0
14630158,1,310.0,4.89,1.0,1
14904600,1,278.85,4.92,0.0,0
15154687,34,152.97029411764706,4.6567647058823525,0.0,2
15189962,5,96.998,4.7299999999999995,0.0,0
15276713,1,545.0,4.94,1.0,1
15396970,2,91.74000000000001,4.915,1.0,1
15538049,1,377.0,5.0,0.0,0
15583990,7,464.74285714285713,4.765714285714286,1.0,1
15639915,1,582.0,4.94,1.0,1
15782998,3,473.40333333333336,4.930000000000001,1.0,1
15830734,2,451.255,4.925,0.0,0
15943555,4,278.85,4.965,0.0,0
15975701,1,177.0,4.95,0.0,0
16016039,1,94.24,4.96,0.0,0
16044270,1,572.07,4.93,1.0,1
16052189,12,148.80499999999998,4.753333333333333,0.0,0
16098390,2,231.58999999999997,5.0,1.0,1
16186589,27,69.45962962962963,4.602222222222222,0.0,2
16343599,1,291.5,4.86,1.0,1
16441460,6,193.5,4.825,1.0,1
16612533,16,154.041875,4.775625,1.0,1
16853932,1,278.85,5.0,0.0,0
16906498,1,82.51,5.0,1.0,1
16957547,1,3556.67,5.0,0.0,1
17266141,1,329.0,4.82,1.0,1
17452489,1,278.85,4.44,0.0,0
17487234,1,278.85,4.96,0.0,0
17519841,1,206.0,4.89,1.0,1
17684766,1,708.0,4.85,0.0,0
17735272,1,278.85,4.67,0.0,0
17844905,2,247.335,4.904999999999999,1.0,1
17892292,5,278.85,4.9159999999999995,0.0,0
17894854,1,189.65,4.85,0.0,0
18150109,5,111.998,4.758,0.0,0
18202088,12,261.22083333333336,4.83,0.0,0
18275791,1,685.0,4.94,1.0,1
18409308,3,209.3066666666667,4.986666666666667,1.0,1
18465514,1,284.5,4.92,0.0,0
18517776,31,12.124193548387098,4.86483870967742,0.0,2
18598927,1,278.85,5.0,0.0,0
18601802,1,414.67,4.98,1.0,1
18657505,1,278.85,4.85,0.0,0
18776842,1,392.0,5.0,1.0,1
18896448,2,151.655,4.93,0.0,0
19197577,4,270.855,5.0,1.0,1
19357187,1,172.69,4.9,1.0,1
19466495,1,171.83,4.6,0.0,0
19488432,1,243.21,4.73,0.0,0
19533296,1,477.0,4.95,1.0,1
19573245,1,949.0,4.95,1.0,1
19604526,3,264.81,4.95,1.0,1
19610602,2,278.85,4.91,1.0,1
20079643,7,267.2057142857143,4.808571428571428,1.0,1
20106409,1,593.41,4.85,0.0,0
20224115,1,278.85,5.0,0.0,0
20271586,8,104.32249999999999,4.8375,0.0,0
20532341,1,141.04,4.27,0.0,0
20551003,1,278.85,4.38,0.0,0
20672298,1,22.98,5.0,0.0,0
20828559,1,347.4,4.99,1.0,1
20857768,77,345.9532467532468,4.883246753246753,1.0,2
21000237,1,278.85,4.9,0.0,0
21415420,1,278.85,5.0,0.0,0
21554910,2,272.53499999999997,4.915,1.0,1
21609039,3,796.9633333333333,4.986666666666667,0.0,0
21635825,1,913.0,5.0,1.0,1
21745230,12,171.89166666666665,4.8225,1.0,1
21926328,1,278.85,4.85,0.0,0
21976681,1,1240.0,5.0,1.0,1
22289025,1,440.0,5.0,0.0,0
22348222,87,322.0866666666667,4.6529885057471265,0.0,2
22402141,3,175.39333333333335,4.89,0.0,0
22541573,42,297.3280952380953,4.877380952380952,0.0,2
22727717,1,278.85,5.0,0.0,0
22901863,1,306.0,4.94,1.0,1
23036330,1,119.15,4.85,0.0,0
23129174,1,278.85,5.0,0.0,0
23143152,1,466.0,5.0,0.0,0
23247068,1,512.0,5.0,0.0,0
23249169,1,278.85,4.92,0.0,0
23576640,4,257.375,4.9125,0.0,0
23692234,1,107.82,4.94,1.0,1
23777641,2,76.50999999999999,4.449999999999999,1.0,1
23856705,1,388.0,4.98,1.0,1
23953876,3,278.85,4.7700000000000005,0.0,0
24124767,1,672.0,4.9,1.0,1
24158689,1,16.09,4.71,0.0,0
24196977,1,112.51,5.0,0.0,0
24358957,1,892.59,4.88,0.0,0
24532370,2,41.120000000000005,4.945,1.0,1
24584716,1,131.0,4.67,1.0,1
24593919,1,278.85,4.79,0.0,0
24613567,1,278.85,4.92,0.0,0
24708689,1,441.0,4.85,0.0,0
24873679,1,268.5,4.98,1.0,1
25124470,1,1303.0,4.69,0.0,0
25146457,1,278.85,4.81,0.0,0
25203946,7,1486.6185714285714,4.775714285714286,1.0,1
25244802,2,364.425,4.92,1.0,1
25323660,1,365.18,4.85,0.0,0
25610777,1,323.24,4.98,1.0,1
25654103,1,278.85,1.0,0.0,2
25742899,1,278.85,4.67,0.0,0
25797445,1,660.0,5.0,0.0,0
25904385,1,170.57,5.0,0.0,0
25938192,2,224.5,4.925000000000001,1.0,1
25960013,1,278.85,4.5,0.0,0
25998904,1,941.5,4.93,1.0,1
26062958,1,64.93,4.85,0.0,0
26083391,2,166.4,4.92,1.0,1
26098645,4,95.6525,4.59,0.0,0
26291119,2,226.28500000000003,4.85,0.0,0
26303242,1,105.31,4.76,0.0,0
26374107,1,283.41,5.0,1.0,1
26704689,3,278.85,4.826666666666667,0.0,0
26754605,1,402.27,4.88,1.0,1
26755141,1,250.86,5.0,0.0,0
26898626,1,278.85,4.85,0.0,0
26917979,2,1375.535,5.0,1.0,1
26956083,10,103.749,4.923,1.0,1
27217046,1,461.95,5.0,1.0,1
27477868,1,30.1,4.85,0.0,0
27601419,1,278.85,5.0,0.0,0
27636546,1,788.0,4.92,1.0,1
27756951,1,278.85,4.97,0.0,0
27842033,7,79.81142857142858,4.8757142857142854,0.0,0
27867762,1,278.85,4.93,0.0,0
27871799,6,172.8033333333333,4.701666666666667,0.0,0
28046328,1,240.0,4.95,0.0,0
28299940,1,166.07,5.0,0.0,0
28662210,5,406.866,4.837999999999999,1.0,1
28678932,1,172.0,4.97,1.0,1
28741809,1,406.23,5.0,1.0,1
28766987,1,165.59,4.94,1.0,1
28834326,1,779.0,4.67,0.0,0
29218948,3,234.66666666666666,4.9366666666666665,1.0,1
29241680,1,278.85,5.0,0.0,0
29329872,1,158.16,4.88,1.0,1
29342116,1,191.52,4.83,1.0,1
29483150,1,451.0,4.85,1.0,1
29500286,1,103.0,4.84,1.0,1
29573894,1,532.67,4.88,1.0,1
29637875,1,1304.57,4.85,0.0,0
29684380,3,230.16666666666666,4.87,1.0,1
29788934,1,151.94,5.0,0.0,0
30052454,1,119.12,4.85,0.0,0
30122564,1,103.0,4.33,0.0,0
30239904,1,615.5,4.91,0.0,0
30276767,2,285.5,4.895,1.0,1
30283594,31,311.5990322580645,4.47258064516129,0.0,2
30314324,1,233.66,4.78,1.0,1
30366968,1,278.85,4.76,0.0,0
30408736,1,278.85,5.0,0.0,0
30489899,3,105.89,4.833333333333333,0.0,0
30490577,3,212.54333333333332,4.92,1.0,1
30593609,1,264.67,4.96,1.0,1
30732884,2,46.79,4.85,0.0,0
31070527,16,336.5625,4.926875,1.0,1
31176944,2,220.045,4.835,0.0,0
31227364,1,278.85,5.0,1.0,1
31289781,1,278.85,4.89,1.0,1
31340713,19,293.8642105263158,4.859473684210526,0.0,0
31368662,1,115.65,5.0,0.0,0
31373357,1,45.55,5.0,0.0,0
31397283,1,91.29,4.51,0.0,0
31416791,1,349.0,4.74,0.0,0
31516518,1,26.58,4.85,0.0,0
31691830,1,188.5,4.98,1.0,1
32018716,1,278.85,4.85,0.0,0
32134510,1,278.85,4.85,0.0,0
32532791,6,354.1933333333333,4.9750000000000005,1.0,1
32755249,1,604.0,4.83,1.0,1
32870796,4,201.555,4.88,1.0,1
32918127,3,332.15000000000003,4.693333333333333,0.0,0
33131531,3,278.85,4.89,0.0,0
33529388,1,278.85,4.85,0.0,0
33667719,1,154.06,4.85,0.0,0
33765183,5,134.772,4.736,1.0,1
34037485,1,428.0,4.98,1.0,1
34055750,1,499.5,4.93,1.0,1
34124402,1,278.85,4.88,1.0,1
34227346,1,271.33,4.82,0.0,0
34275177,3,78.92333333333333,4.913333333333333,0.0,0
34552909,3,38.97333333333333,4.4366666666666665,0.0,0
34584706,1,312.68,4.52,0.0,0
34614605,1,195.2,4.92,1.0,1
34719298,1,341.5,4.94,1.0,1
34761565,10,79.873,4.871,0.0,0
34781821,1,123.89,5.0,0.0,0
35018472,1,278.85,4.71,0.0,0
35145359,1,203.36,4.85,0.0,0
35365790,1,406.83,4.98,1.0,1
35395257,1,1483.67,5.0,1.0,1
35411494,1,278.85,4.87,0.0,0
35645579,1,1540.67,4.85,0.0,0
35822243,1,1419.14,4.85,1.0,1
35974790,1,255.76,5.0,0.0,0
36235833,1,483.86,4.95,1.0,1
36238599,1,300.46,4.98,0.0,0
36278389,1,278.85,5.0,0.0,0
36465884,1,92.2,4.93,1.0,1
36811327,1,278.85,5.0,0.0,0
36992931,1,60.38,4.75,0.0,0
37035419,9,18.633333333333333,4.87,0.0,0
37086821,1,391.0,4.98,0.0,0
37226557,1,509.07,4.98,0.0,0
37327467,1,278.85,4.78,0.0,0
37825111,1,278.85,5.0,0.0,0
37907846,13,422.65384615384613,4.561538461538461,0.0,0
38005935,14,317.8385714285714,4.8878571428571425,0.0,0
38116079,1,278.85,4.85,1.0,1
38121625,1,300.0,4.8,0.0,0
38302832,1,453.0,4.96,1.0,1
38381764,1,278.0,4.85,1.0,1
38403389,1,235.84,4.83,1.0,1
38879163,1,278.85,5.0,0.0,0
39266840,4,1123.795,4.825,0.0,0
39323824,1,278.85,5.0,0.0,0
39367641,1,30.15,4.85,0.0,0
39621923,1,278.85,4.4,0.0,0
39872069,1,113.91,5.0,0.0,0
39932301,1,89.7,4.29,0.0,0
39938304,1,109.4,5.0,1.0,1
40132620,1,237.6,4.79,0.0,0
40235019,1,57.72,4.85,0.0,0
40317532,1,443.92,4.96,1.0,1
40508782,1,497.86,4.72,0.0,0
40548611,1,278.85,4.74,0.0,0
40995423,9,155.76555555555558,4.666666666666667,1.0,1
41210370,1,278.85,5.0,0.0,0
41266357,5,579.3340000000001,4.636,0.0,0
41272528,1,24.99,4.85,0.0,0
41306542,1,15.13,5.0,0.0,0
41645684,2,21.87,4.85,0.0,0
41658743,1,82.97,4.99,0.0,0
41726345,1,278.85,4.95,0.0,0
41766550,1,278.85,4.89,0.0,0
41844745,1,400.0,4.85,0.0,0
41932249,4,278.85,4.422499999999999,0.0,0
42379994,1,182.0,4.89,1.0,1
42530911,1,168.9,4.98,1.0,1
42715907,1,279.59,4.89,0.0,0
42947943,1,278.85,4.8,0.0,0
43071992,1,135.0,4.96,1.0,1
43118173,1,149.49,4.88,1.0,1
43184915,1,1305.91,4.94,1.0,1
43217109,3,476.65333333333336,4.656666666666666,0.0,0
43613912,9,785.3055555555555,4.792222222222223,1.0,1
43666185,1,278.85,5.0,0.0,0
43777733,1,116.64,4.73,1.0,1
43796427,1,575.0,4.85,0.0,0
44169062,1,278.85,4.85,0.0,0
44448784,1,152.8,4.96,1.0,1
44535915,1,661.42,4.68,0.0,0
44581223,6,112.99666666666667,4.67,0.0,0
44620221,1,278.85,4.25,0.0,0
44676705,1,230.25,4.95,1.0,1
44837494,2,168.5,4.91,1.0,1
44851947,1,492.99,4.99,1.0,1
45170293,1,298.5,4.75,0.0,0
45402419,3,136.03,4.473333333333334,0.0,0
45455727,4,390.775,4.970000000000001,1.0,1
45694133,2,225.995,4.95,1.0,1
45771009,2,240.79000000000002,4.955,1.0,1
45824409,2,181.33499999999998,4.925000000000001,1.0,1
45826547,1,2988.33,5.0,0.0,1
45852037,1,314.0,5.0,1.0,1
46315640,2,278.85,4.8,0.0,0
46563300,1,439.75,5.0,1.0,1
46846483,1,466.74,4.88,1.0,1
47487818,1,278.85,4.85,0.0,0
47584294,33,291.4621212121212,4.915151515151515,1.0,1
47800166,1,439.04,5.0,0.0,0
47928798,1,278.85,4.9,0.0,0
47935411,1,167.1,4.96,0.0,0
48018479,1,278.85,5.0,0.0,0
48494513,8,196.87875,4.50625,0.0,0
49457294,1,385.5,4.94,1.0,1
49565531,1,354.0,4.92,1.0,1
49996671,1,1272.5,4.98,1.0,1
50017024,1,384.63,4.88,1.0,1
50147451,1,685.0,5.0,0.0,0
50232369,1,278.85,4.85,0.0,0
50292464,1,98.31,4.85,0.0,0
50437930,2,278.85,4.745,1.0,1
50648271,1,177.94,4.64,0.0,0
51079261,2,332.115,4.82,1.0,1
51094247,1,278.85,4.85,0.0,0
51173591,1,278.85,5.0,0.0,0
51502814,1,282.5,4.81,1.0,1
51529970,1,371.0,4.93,1.0,1
51772323,2,153.705,4.220000000000001,0.0,0
51838917,1,1290.0,4.85,1.0,1
51992629,1,414.4,4.91,1.0,1
52268022,1,278.85,4.83,0.0,0
52460933,1,495.27,5.0,1.0,1
52471469,1,55.94,4.85,0.0,0
52472113,1,300.43,4.87,1.0,1
52562048,1,131.5,4.85,1.0,1
52569277,1,278.85,4.76,0.0,0
52881930,3,252.88666666666666,4.963333333333334,1.0,1
52989144,1,80.51,4.73,0.0,0
53168234,1,537.0,4.95,0.0,0
53212424,1,278.85,4.86,0.0,0
53309087,1,278.85,4.81,1.0,1
53597553,1,278.85,4.85,0.0,0
54140849,1,278.85,4.85,0.0,0
54995023,1,862.0,4.96,1.0,1
55128873,1,402.15,4.96,1.0,1
55434744,1,739.0,4.85,0.0,0
55571157,1,377.67,4.93,1.0,1
55900538,1,524.0,4.89,1.0,1
56052140,1,347.0,4.56,0.0,0
56112371,1,110.19,4.88,0.0,0
56355458,1,491.0,4.89,1.0,1
56359408,3,195.75,3.4466666666666668,0.0,2
56415582,1,381.5,4.85,0.0,0
56747164,1,494.67,5.0,0.0,0
56853205,1,1091.0,5.0,1.0,1
57323581,2,215.73000000000002,4.885,1.0,1
57329784,4,249.365,4.84,1.0,1
57402911,1,327.14,4.99,1.0,1
57533988,1,220.55,4.97,1.0,1
57673810,15,254.73999999999998,4.866666666666666,0.0,0
57812241,1,278.85,5.0,0.0,0
57869196,1,903.67,5.0,0.0,0
57940564,1,265.79,4.85,0.0,0
58330337,1,451.0,4.86,1.0,1
58907993,1,298.0,5.0,0.0,0
59224820,1,394.85,4.97,0.0,0
59651248,1,199.71,4.74,0.0,0
59978794,3,118.89999999999999,4.726666666666667,0.0,0
60155656,1,278.85,4.96,1.0,1
60362084,1,278.85,5.0,0.0,0
60959451,1,264.75,4.94,0.0,0
61191055,1,308.5,4.8,1.0,1
61449231,1,278.85,4.82,0.0,0
62211530,1,970.9,3.83,0.0,0
62835472,2,492.135,4.96,1.0,1
62852803,1,25.54,4.85,0.0,0
62983081,1,512.95,4.93,1.0,1
63009899,1,333.0,5.0,1.0,1
63180942,3,103.56666666666666,4.886666666666667,1.0,1
63248058,1,201.51,4.85,0.0,0
63270976,1,124.76,4.91,0.0,0
63910558,4,737.0825,4.89,1.0,1
64169197,1,359.0,4.98,1.0,1
64304878,1,366.0,5.0,0.0,0
64880230,1,242.5,5.0,0.0,0
64967767,1,398.5,4.72,0.0,0
65277362,1,852.9,4.85,0.0,0
65812337,1,399.41,4.96,1.0,1
65820663,1,529.0,4.88,0.0,0
65906832,2,366.0,4.8,1.0,1
66084480,1,142.1,4.85,0.0,0
66253837,1,1284.0,4.69,0.0,0
66257167,5,760.322,4.856,0.0,0
66334205,1,231.81,4.85,1.0,1
66462220,1,278.85,4.67,0.0,0
66589143,3,56.083333333333336,4.826666666666667,1.0,1
66645251,2,297.0,4.85,1.0,1
66649895,4,384.2125,4.855,1.0,1
67103816,8,50.871249999999996,4.9712499999999995,1.0,1
67229120,2,68.625,4.85,0.0,0
67637928,4,217.9875,4.8875,1.0,1
68078375,1,348.06,4.88,1.0,1
68235152,1,532.5,4.83,0.0,0
68369590,1,278.85,5.0,0.0,0
69252401,1,288.0,4.8,1.0,1
69267172,20,325.815,4.8629999999999995,1.0,1
69866787,1,278.85,4.97,1.0,1
69967323,4,201.715,4.8125,0.0,0
70199947,1,362.05,4.85,1.0,1
70331522,2,202.70999999999998,4.984999999999999,0.0,0
70796747,2,50.25,4.85,0.0,0
71476225,1,362.0,4.88,1.0,1
71840781,1,516.0,4.94,1.0,1
72023864,1,705.0,4.98,1.0,1
72139831,4,168.5,4.9525,1.0,1
72163500,1,278.85,4.78,0.0,0
72181686,1,57.81,4.85,0.0,0
72298155,2,293.20500000000004,4.529999999999999,0.0,0
72577057,3,260.6666666666667,4.726666666666667,1.0,1
73102139,1,278.85,4.8,0.0,0
73203009,1,278.85,4.71,0.0,0
73341042,2,266.335,4.7,1.0,1
74646031,2,300.415,4.949999999999999,1.0,1
74782650,5,626.2,4.96,1.0,1
74813314,4,220.8275,4.88,1.0,1
74866711,1,128.64,5.0,0.0,0
74901394,1,1313.0,4.92,1.0,1
75493943,2,278.85,4.925,0.0,0
75960211,1,278.85,5.0,0.0,0
75990441,1,424.0,4.85,0.0,0
75997654,3,183.49333333333334,4.943333333333333,0.0,0
76096792,1,284.5,4.98,1.0,1
76181684,1,217.0,4.76,1.0,1
76787967,1,207.56,5.0,0.0,0
76943756,1,487.35,4.88,1.0,1
77086857,1,70.42,4.85,0.0,0
77144691,1,376.59,4.87,1.0,1
77279852,1,572.3,4.98,0.0,0
77476995,1,278.85,4.9,0.0,0
77801498,1,261.0,4.91,1.0,1
77993870,1,278.85,4.85,0.0,0
78195008,1,15.58,4.73,0.0,0
78964422,1,297.0,4.82,1.0,1
79103444,1,196.4,4.97,0.0,0
79360660,1,211.5,4.9,1.0,1
79583794,1,223.99,4.87,0.0,0
79864748,3,541.1666666666666,4.716666666666667,0.0,0
80104460,3,163.66666666666666,4.793333333333333,1.0,1
80570686,4,176.25,4.865,1.0,1
80595835,1,14.86,4.5,0.0,0
80799606,1,99.2,4.78,0.0,0
80808278,1,129.9,4.7,0.0,0
81492503,3,292.18666666666667,4.95,0.0,0
82122558,1,678.99,4.81,0.0,0
82861960,1,55.31,4.81,1.0,1
83235610,1,391.73,4.85,0.0,0
83328300,1,26.7,4.85,0.0,0
83409489,1,42.32,5.0,0.0,0
83554697,1,135.79,4.87,0.0,0
83935110,1,605.96,4.93,1.0,1
84168180,1,151.0,4.85,0.0,0
84336416,1,296.02,4.6,0.0,0
84349533,2,100.785,4.865,1.0,1
84573727,1,348.5,5.0,1.0,1
84699905,1,568.33,4.99,1.0,1
84804757,1,428.0,4.96,1.0,1
85941025,6,265.8566666666666,4.805,1.0,1
86375666,1,144.93,5.0,1.0,1
87387772,1,255.39,5.0,0.0,0
88194508,1,163.0,4.98,1.0,1
88360952,2,278.85,4.744999999999999,0.0,0
88566861,6,685.6666666666666,4.733333333333333,0.0,0
88938229,1,107.0,4.93,1.0,1
89089164,1,278.85,4.5,0.0,0
89116179,1,278.85,4.85,0.0,0
89227862,4,239.845,4.9025,0.0,0
89328922,11,71.9809090909091,4.824545454545454,0.0,0
89406568,1,488.8,4.97,1.0,1
90009360,1,178.17,4.85,0.0,0
90135876,1,433.0,4.77,1.0,1
90419082,3,418.55,4.79,0.0,0
90538301,1,314.0,4.95,1.0,1
91011306,1,420.33,1.0,0.0,2
91411121,1,62.86,4.73,0.0,0
91546140,1,221.08,4.85,0.0,0
92025425,2,253.09,4.82,1.0,1
92524206,4,226.06,4.8875,1.0,1
92648590,1,989.33,4.84,1.0,1
92691757,8,333.75,4.86375,1.0,1
92721057,2,261.66499999999996,4.9350000000000005,1.0,1
92951639,1,354.0,5.0,0.0,0
94288387,1,148.45,5.0,0.0,0
94792025,1,263.0,4.8,0.0,0
95459395,3,249.2966666666667,4.84,0.0,0
95460673,1,278.85,4.89,0.0,0
95564346,1,289.97,4.85,0.0,0
95634275,6,169.75500000000002,4.653333333333333,0.0,0
95762630,1,1558.0,4.96,1.0,1
95772002,1,278.85,4.5,0.0,0
96043149,1,278.85,4.93,0.0,0
96087859,1,253.33,4.77,0.0,0
96442537,1,744.0,4.84,1.0,1
96572579,1,196.85,4.91,0.0,0
96961013,4,249.60000000000002,4.705,0.0,0
96990964,1,398.5,4.92,0.0,0
97810810,1,495.0,4.93,0.0,0
98396045,1,776.0,4.88,0.0,0
98499569,1,742.0,4.86,1.0,1
98987494,1,278.85,5.0,0.0,0
100148225,2,1060.05,5.0,1.0,1
100180968,1,121.9,4.91,0.0,0
100307715,1,73.23,4.85,1.0,1
100347729,1,278.85,5.0,1.0,1
100757024,2,88.25,4.635,1.0,1
100816655,1,470.17,4.8,0.0,0
101348644,1,180.0,4.9,1.0,1
101356888,1,278.85,4.92,0.0,0
101548273,1,431.0,4.89,1.0,1
102027626,3,315.2866666666667,4.8933333333333335,1.0,1
102134649,1,102.3,5.0,0.0,0
102144111,1,116.66,4.85,0.0,0
102515900,1,576.0,5.0,1.0,1
103346817,3,363.43,4.95,1.0,1
103698543,1,378.0,5.0,0.0,0
104174476,1,113.37,4.84,0.0,0
104477953,1,110.5,4.4,1.0,1
104683790,2,462.5,4.98,1.0,1
105054371,1,341.21,4.95,1.0,1
105698174,1,424.21,4.97,1.0,1
105851798,18,75.31555555555556,4.738888888888889,1.0,1
106269675,1,90.24,4.7,1.0,1
106283400,1,278.85,4.92,0.0,0
106914997,1,357.0,4.89,0.0,0
106930688,1,207.41,4.85,0.0,0
106950426,2,24.16,4.63,0.0,0
107434423,227,280.1459911894273,4.805726872246695,0.0,2
107981961,1,211.52,4.89,1.0,1
108560094,2,105.0,4.965,1.0,1
108741752,1,278.85,4.56,0.0,0
109550763,1,66.85,4.85,0.0,0
110658696,1,314.0,4.94,0.0,0
111344375,1,308.25,4.91,1.0,1
111861593,1,612.75,5.0,1.0,1
112008372,2,160.5,4.965,1.0,1
112828787,1,437.33,4.85,0.0,0
112994787,1,314.4,4.99,1.0,1
113533375,2,404.75,4.975,1.0,1
114398598,1,248.5,4.8,1.0,1
114515516,1,1084.5,4.92,1.0,1
114667665,1,434.0,4.84,0.0,0
115267785,3,76.51333333333334,5.0,1.0,1
115371501,1,285.29,4.87,1.0,1
116319471,2,140.06,4.75,1.0,1
116464490,1,346.92,4.66,0.0,0
116718872,1,332.66,4.72,0.0,0
117530000,3,408.3333333333333,4.8999999999999995,1.0,1
117861820,3,257.06666666666666,4.8,1.0,1
117992657,1,343.0,5.0,1.0,1
118122992,4,256.8375,4.7725,1.0,1
118341734,1,562.5,5.0,0.0,0
119265681,2,358.08,4.965,1.0,1
120930331,1,1211.55,4.97,1.0,1
121031210,1,456.5,5.0,1.0,1
122377513,4,229.4,4.7775,0.0,0
122533218,1,1056.0,4.72,1.0,1
124868966,1,1116.45,5.0,0.0,0
127078529,1,278.85,5.0,0.0,0
127551415,1,278.85,5.0,0.0,0
127718668,4,602.6875,4.8475,1.0,1
129108155,1,42.18,4.84,0.0,0
130336134,1,21.89,4.9,0.0,0
130680380,18,387.45500000000004,4.821666666666666,1.0,1
131222424,3,22.55333333333333,4.85,0.0,0
131288031,3,15.146666666666667,4.726666666666667,1.0,1
131631445,1,122.09,4.85,0.0,0
131681547,1,508.0,4.94,1.0,1
131944063,1,345.5,4.68,0.0,0
132084149,1,749.75,5.0,1.0,1
132235026,9,511.91999999999996,4.825555555555556,1.0,1
133407298,2,216.06,4.859999999999999,0.0,0
133415983,1,970.0,4.97,0.0,0
133457702,10,175.923,4.861,0.0,0
135689004,1,342.67,4.95,0.0,0
137105899,3,44.18666666666667,4.596666666666667,1.0,1
137161971,2,340.75,4.965,1.0,1
137810727,1,591.13,4.71,0.0,0
138056381,1,327.05,5.0,1.0,1
138176472,1,200.0,4.98,1.0,1
139072570,4,199.675,4.8975,1.0,1
140110214,1,478.0,4.72,0.0,0
140952422,1,278.85,4.57,0.0,0
141347907,1,278.85,5.0,0.0,0
141486314,1,64.84,4.85,0.0,0
142306305,13,350.6430769230769,4.898461538461539,1.0,1
142499525,1,312.13,4.85,0.0,0
144179185,1,555.0,5.0,1.0,1
144344613,1,275.67,4.9,1.0,1
144676466,1,278.85,5.0,1.0,1
144866724,2,203.0,4.84,1.0,1
145521726,1,74.28,4.64,0.0,0
145681148,2,278.85,4.845,1.0,1
147256535,2,453.875,4.96,0.0,0
147376476,1,975.0,4.73,0.0,0
147418936,1,193.0,4.49,0.0,0
148198110,1,904.95,4.98,1.0,1
148305529,3,91.0,4.82,1.0,1
148594740,2,114.5,4.705,0.0,0
148963669,1,411.0,4.95,1.0,1
149617117,3,463.28,4.826666666666667,0.0,0
149629129,1,278.85,4.85,0.0,0
149688663,1,1255.89,4.86,0.0,0
150150201,7,232.04142857142855,4.9071428571428575,1.0,1
151222566,1,153.07,4.85,0.0,0
151238588,2,815.215,4.92,1.0,1
151248865,7,145.01142857142858,4.645714285714285,0.0,0
152483027,1,451.0,4.85,0.0,0
152502955,1,679.0,4.99,1.0,1
153109836,1,335.69,4.63,0.0,0
153436558,3,321.74666666666667,4.883333333333333,1.0,1
153568352,5,182.6,4.8420000000000005,1.0,1
154540888,2,535.785,4.995,1.0,1
155083989,1,188.07,5.0,0.0,0
155595193,7,132.35857142857142,4.685714285714285,0.0,0
156053359,8,117.53125000000001,4.5525,1.0,1
156565411,2,278.85,4.925,0.0,0
157361364,1,569.0,4.96,1.0,1
157579197,1,247.07,4.85,1.0,1
158218784,1,188.29,4.82,1.0,1
158837906,1,721.33,4.85,0.0,0
159978864,2,506.46999999999997,4.84,1.0,1
160087066,1,1883.0,5.0,0.0,0
160661353,3,454.8533333333333,4.926666666666667,1.0,1
160748778,1,278.85,4.78,0.0,0
160750677,1,319.67,4.9,1.0,1
161141007,1,171.18,5.0,0.0,0
161497923,1,428.0,4.95,1.0,1
161724560,1,1120.86,5.0,0.0,0
162705378,2,255.625,4.83,1.0,1
163251048,4,270.97,4.5649999999999995,0.0,0
163848078,18,937.6216666666666,4.798333333333334,0.0,0
165017579,1,314.0,4.96,1.0,1
165422704,3,55.02333333333333,4.8,0.0,0
166004722,2,16.424999999999997,5.0,0.0,0
167556315,1,299.37,4.83,1.0,1
167812787,1,428.0,5.0,1.0,1
168030759,1,365.5,4.85,0.0,0
169085368,1,922.33,4.85,0.0,0
169207412,6,46.35,4.758333333333333,0.0,0
169902109,2,181.64,4.83,1.0,1
170761951,1,354.71,4.99,1.0,1
171702791,1,239.7,5.0,0.0,0
173057387,1,483.86,4.95,1.0,1
173101497,1,278.85,4.88,0.0,0
173219582,1,166.24,4.85,0.0,0
174771378,1,14.1,5.0,0.0,0
174983457,1,62.64,4.85,0.0,0
175681752,1,62.66,4.85,0.0,0
175943692,1,256.76,4.74,0.0,0
177362877,3,161.07000000000002,4.756666666666667,1.0,1
178096049,1,761.0,5.0,1.0,1
180283497,7,129.9142857142857,4.647142857142858,0.0,0
181205324,1,421.0,4.64,0.0,0
181779942,2,408.28499999999997,4.85,0.0,0
182406463,1,727.83,4.88,1.0,1
183375952,1,645.0,5.0,1.0,1
183422988,1,278.85,4.88,0.0,0
183787878,1,278.85,5.0,0.0,0
183805757,1,222.0,4.83,0.0,0
183914990,4,236.0,4.3475,0.0,0
184906834,4,214.9975,4.855,1.0,1
186235436,2,264.385,4.92,1.0,1
186813303,1,387.43,4.91,0.0,0
186871511,1,250.0,4.85,0.0,0
187813188,2,136.97,4.745,1.0,1
188309953,2,360.53499999999997,4.859999999999999,1.0,1
188938217,1,410.0,4.92,1.0,1
188939923,7,136.57142857142858,4.6000000000000005,0.0,0
189235334,2,297.03499999999997,4.98,1.0,1
190645992,1,278.85,5.0,0.0,0
191235406,2,155.39,5.0,1.0,1
191412541,1,799.0,4.85,0.0,0
191449187,1,38.99,5.0,0.0,0
191639793,1,29.81,4.85,0.0,0
192503522,2,93.41499999999999,4.725,0.0,0
193540040,2,217.0,4.76,1.0,1
194167208,2,102.33500000000001,4.92,1.0,1
195026085,1,551.76,4.6,1.0,1
195668352,1,390.33,5.0,0.0,0
196415169,1,278.85,4.96,0.0,0
196631266,2,474.0,4.84,1.0,1
196912933,1,531.0,4.9,1.0,1
198027240,3,374.8333333333333,4.663333333333333,1.0,1
200275488,1,331.0,4.94,1.0,1
200425896,2,432.0,5.0,0.0,0
201935605,7,81.62714285714286,4.765714285714286,1.0,1
202522408,1,90.61,4.82,0.0,0
202862511,1,276.74,4.94,1.0,1
203051562,1,368.6,4.79,0.0,0
205269848,8,243.24875,4.3375,0.0,0
206528348,1,153.63,4.85,0.0,0
206865377,1,628.0,5.0,0.0,0
208829554,2,202.965,4.525,0.0,0
209024699,1,2217.29,4.85,0.0,0
210929717,2,813.31,4.9,0.0,0
211778142,1,709.0,4.96,1.0,1
212266463,1,656.18,4.92,1.0,1
212359760,65,306.99415384615384,4.694307692307692,0.0,2
212619448,1,261.67,4.81,1.0,1
213613694,1,278.85,4.85,0.0,0
215677730,1,385.5,4.83,0.0,0
216849347,3,143.33333333333334,4.633333333333334,0.0,0
217940047,1,350.9,4.79,1.0,1
220130358,4,113.0,4.7325,1.0,1
220420185,1,254.48,4.89,1.0,1
220832609,1,322.59,5.0,1.0,1
224379152,3,77.29333333333334,4.883333333333333,0.0,0
224820689,5,292.048,4.752,0.0,0
225108215,1,187.93,4.82,0.0,0
226035718,1,409.0,4.97,1.0,1
227161039,1,330.94,4.93,0.0,0
227190555,3,76.99333333333333,4.713333333333334,0.0,0
227812516,1,278.85,4.85,0.0,0
227889113,5,603.308,4.6339999999999995,0.0,0
228074003,1,34.38,5.0,1.0,1
228911273,15,278.85,4.681333333333333,0.0,0
229108752,1,600.26,4.96,1.0,1
229143484,3,318.0,4.876666666666666,0.0,0
229497500,12,68.35166666666667,4.8475,0.0,0
230435215,1,276.0,4.87,1.0,1
230850564,2,260.8,4.835,1.0,1
232009663,7,128.1142857142857,4.727142857142857,1.0,1
232662845,2,429.5,4.859999999999999,1.0,1
233411332,1,136.15,4.66,0.0,0
233908696,7,390.57142857142856,4.698571428571428,0.0,0
233918361,1,647.05,5.0,1.0,1
235113659,2,17.04,5.0,0.0,0
235950637,1,75.97,5.0,1.0,1
236156502,1,278.85,4.85,0.0,0
236734340,1,45.72,4.85,0.0,0
236817626,2,133.475,4.915,0.0,0
237078658,3,424.1666666666667,4.83,1.0,1
237183549,1,278.85,4.75,0.0,0
238705380,1,77.68,4.75,0.0,0
238931345,2,128.43,5.0,0.0,0
244600805,21,220.04761904761904,4.098571428571428,0.0,2
244969139,1,302.93,5.0,0.0,0
245199133,3,481.97333333333336,4.876666666666666,1.0,1
247718902,1,278.85,4.87,0.0,0
247996442,1,707.75,4.91,1.0,1
248721513,1,265.48,4.85,0.0,0
248893926,1,98.47,4.94,1.0,1
250399091,9,482.93222222222215,4.779999999999999,1.0,1
254409051,1,266.33,4.98,0.0,0
254804362,1,812.0,4.95,1.0,1
255315967,3,161.83333333333334,4.283333333333333,0.0,0
256527182,1,615.09,4.94,1.0,1
257439917,2,709.5,4.805,0.0,0
257628897,1,56.97,5.0,0.0,0
258974203,2,118.66,4.73,1.0,1
259272534,1,56.69,5.0,1.0,1
261436898,4,870.25,4.8475,1.0,1
261646616,3,352.35999999999996,4.82,0.0,0
263259492,2,755.415,4.89,1.0,1
263682099,1,138.3,4.96,0.0,0
264109435,1,278.85,4.85,0.0,0
266108658,1,176.5,5.0,0.0,0
266312920,4,365.5975,4.97,0.0,0
270119796,1,278.85,4.67,0.0,0
270304636,1,949.0,5.0,0.0,0
272001812,7,136.0,4.708571428571429,1.0,1
272082418,2,999.0,4.535,0.0,0
272593664,1,153.72,4.81,0.0,0
275833371,2,135.07,4.85,0.0,0
275849638,53,401.56452830188675,4.718301886792453,0.0,2
276892829,1,526.0,4.72,1.0,1
278280097,1,42.9,4.85,0.0,0
279124542,5,1068.166,4.8839999999999995,1.0,1
281602481,1,111.07,5.0,1.0,1
282505012,2,294.5,4.92,1.0,1
284370640,1,278.85,4.85,0.0,0
285344759,18,215.77777777777777,4.16,0.0,2
285479034,1,262.0,4.68,0.0,0
287098257,1,109.0,4.68,0.0,0
290708089,1,411.0,5.0,0.0,0
291862111,1,542.06,5.0,0.0,0
292283551,5,278.85,4.1979999999999995,0.0,0
292681778,1,107.89,4.87,0.0,0
293553762,1,185.45,4.77,0.0,0
296308113,1,343.0,5.0,0.0,0
297416224,1,278.85,4.97,0.0,0
299305493,1,456.0,4.85,0.0,0
299340250,5,74.274,4.928,1.0,1
301580171,3,406.8,4.38,0.0,0
301744764,1,1484.0,4.96,1.0,1
303782110,1,232.27,5.0,1.0,1
305017623,1,213.53,5.0,0.0,0
305274008,1,278.85,4.0,0.0,0
305729499,3,221.77666666666667,4.95,0.0,0
305860570,1,359.47,4.97,1.0,1
306011239,3,588.9966666666667,4.956666666666667,1.0,1
306329570,4,293.515,4.9175,1.0,1
308835997,1,55.81,4.85,0.0,0
310450960,1,359.47,4.95,1.0,1
310662379,7,454.0,4.775714285714286,0.0,0
311463944,1,3689.38,4.9,1.0,1
312045025,3,698.0,4.906666666666666,0.0,0
312046089,1,510.0,4.9,1.0,1
314025657,1,278.85,5.0,0.0,0
316148588,6,235.5,4.323333333333333,0.0,0
318064329,1,346.92,4.81,1.0,1
319015619,2,597.6600000000001,4.95,1.0,1
329370033,5,318.934,4.872,1.0,1
330545895,1,278.85,4.97,0.0,0
331132678,3,330.3333333333333,3.83,0.0,0
331225367,2,347.5,4.77,1.0,1
331970881,1,14.77,4.85,0.0,0
332174718,1,302.76,5.0,1.0,1
336935834,1,157.84,4.75,0.0,0
339649775,1,565.0,4.91,1.0,1
341885174,1,278.85,4.85,0.0,0
341909564,1,351.73,4.85,0.0,0
341982890,1,439.93,4.82,0.0,0
344700889,1,774.86,4.97,1.0,1
346249638,1,1149.0,5.0,0.0,0
349093509,5,120.46599999999998,4.57,1.0,1
349400956,1,278.85,5.0,0.0,0
350745928,1,598.17,5.0,1.0,1
351001469,1,537.5,4.64,0.0,0
351555234,1,437.0,4.58,0.0,0
351582312,15,122.02733333333335,4.29,0.0,0
357698265,8,128.61,4.895,1.0,1
357700886,2,123.31,4.875,0.0,0
362014108,5,211.32399999999998,4.712,0.0,0
362155598,1,741.8,5.0,1.0,1
363098141,1,498.5,4.95,1.0,1
363501271,3,1424.41,5.0,0.0,0
365116307,35,438.53285714285715,4.69,1.0,2
365985792,1,499.0,4.43,0.0,0
366954587,1,571.0,4.89,1.0,1
369754035,1,278.85,5.0,0.0,0
370733465,1,466.5,4.95,0.0,0
371640674,11,313.90909090909093,4.787272727272727,1.0,1
371898646,1,479.0,4.86,1.0,1
371979353,1,502.12,4.85,0.0,0
372979049,1,210.52,4.85,0.0,0
373675137,117,160.47649572649573,4.8219658119658115,0.0,2
374049727,1,91.96,4.83,1.0,1
378836011,1,278.85,5.0,0.0,0
380623623,9,158.57444444444445,4.655555555555555,0.0,0
380867321,2,152.0,4.91,0.0,0
381043500,1,417.0,4.85,1.0,1
381199996,1,251.0,4.85,1.0,1
382316683,1,80.02,4.85,0.0,0
382384906,1,241.52,4.83,0.0,0
382451810,43,364.2179069767442,4.726046511627907,0.0,2
382740300,1,55.78,4.85,0.0,0
383016395,1,46.35,4.85,0.0,0
383689313,1,560.32,4.98,1.0,1
386040727,4,292.2175,4.7575,1.0,1
388302612,1,260.0,4.04,0.0,0
388391823,1,278.85,4.75,0.0,0
388634902,1,468.0,4.69,0.0,0
391569847,1,656.33,4.97,1.0,1
391573974,1,190.77,4.85,0.0,0
392028251,3,629.7233333333334,4.85,0.0,0
393011854,1,169.24,5.0,0.0,0
393194522,4,73.7675,4.475,0.0,0
394065719,1,541.5,5.0,1.0,1
395014290,1,282.0,4.52,0.0,0
397154199,1,366.0,4.63,0.0,0
397641165,2,563.0899999999999,4.85,0.0,0
397685075,1,455.0,4.85,0.0,0
399827239,1,362.0,4.97,1.0,1
400176914,1,223.0,4.78,0.0,0
400597920,2,217.81,5.0,1.0,1
403065422,1,275.02,4.91,1.0,1
403434847,1,173.0,4.85,0.0,0
406353986,19,231.51315789473685,4.707894736842105,0.0,0
406915877,3,13.270000000000001,4.85,0.0,0
406987220,1,278.85,5.0,1.0,1
407385860,1,226.76,4.96,1.0,1
407647560,1,323.33,4.98,1.0,1
409350031,1,1329.7,4.93,0.0,0
409684302,18,367.40444444444444,4.785,0.0,0
411294872,3,282.0,4.966666666666667,1.0,1
412452734,4,201.79749999999999,4.28,0.0,0
412792920,2,548.0,4.865,1.0,1
414161036,1,487.28,4.85,0.0,0
416027128,41,415.75804878048785,4.784878048780488,1.0,2
417546358,8,170.99625,4.845,0.0,0
418001090,2,204.0,4.395,0.0,0
420097750,1,668.0,5.0,0.0,0
421133258,1,523.33,4.93,1.0,1
421556719,2,821.0,4.9,0.0,0
423277942,1,520.38,4.9,1.0,1
423875908,6,382.75,4.196666666666666,0.0,0
424705245,1,289.48,4.99,1.0,1
426255925,1,217.5,5.0,0.0,0
426362048,1,1056.0,5.0,1.0,1
426371846,1,616.33,4.91,1.0,1
426546484,1,1255.5,4.8,0.0,0
427302487,1,278.85,4.85,0.0,0
427961225,4,320.0,4.904999999999999,1.0,1
428212069,2,217.09,4.54,0.0,0
428724673,3,618.7233333333334,4.88,1.0,1
429638778,8,624.6875,4.887499999999999,0.0,0
430192128,1,278.85,4.5,0.0,0
430295572,1,734.8,5.0,0.0,0
430457779,1,135.33,4.77,1.0,1
431779715,5,663.068,4.836,0.0,0
432501641,1,627.67,5.0,0.0,0
433085996,1,615.0,4.9,1.0,1
433310778,1,185.97,4.86,0.0,0
433688210,5,146.73200000000003,4.982,0.0,0
433846126,1,359.5,4.87,1.0,1
434750240,2,292.595,4.96,1.0,1
436831483,1,285.29,4.73,0.0,0
437204027,2,15.215,4.25,0.0,0
437249260,2,459.63,4.85,1.0,1
437760496,2,156.0,4.74,1.0,1
439013531,4,237.43,4.4475,0.0,0
443260490,1,216.82,4.85,0.0,0
443303200,1,149.0,4.57,0.0,0
443587558,2,1567.8200000000002,4.975,1.0,1
445030990,1,627.0,4.67,0.0,0
446229116,1,452.0,4.93,1.0,1
446663042,2,496.64,4.85,0.0,0
446952127,1,244.0,4.83,1.0,1
447259209,1,93.37,5.0,1.0,1
448777247,1,571.0,4.82,0.0,0
449873758,1,559.5,3.0,1.0,2
452792381,1,1420.0,4.85,0.0,0
452895007,2,170.075,4.85,0.0,0
453800603,1,21.99,4.85,0.0,0
454031378,4,376.75,4.775,0.0,0
455712298,1,205.41,4.85,0.0,0
456140484,1,480.0,4.93,1.0,1
456219260,4,520.875,4.9,0.0,0
457840267,2,278.85,4.855,0.0,0
458115828,2,177.425,4.93,1.0,1
459432105,1,188.3,4.95,1.0,1
459522450,3,221.59,4.8999999999999995,0.0,0
462388177,6,247.5,4.628333333333333,0.0,0
462567807,1,570.67,5.0,0.0,0
463230496,1,1282.0,4.98,1.0,1
463279571,1,361.67,5.0,1.0,1
463475392,8,699.95125,4.8375,1.0,1
463606286,1,1175.33,5.0,0.0,0
468418352,1,28.63,5.0,1.0,1
468451834,2,464.0,4.195,1.0,1
468507596,4,440.25,4.8075,1.0,1
468915585,1,81.34,5.0,0.0,0
469508099,1,542.5,4.87,0.0,0
470187953,3,524.3333333333334,4.9366666666666665,1.0,1
470775244,1,470.0,4.97,0.0,0
473301884,9,621.8333333333334,4.8133333333333335,1.0,1
474189195,1,47.97,5.0,0.0,0
474224382,1,288.0,4.86,1.0,1
474475800,1,229.0,4.9,0.0,0
474836448,1,238.5,4.9,1.0,1
482192119,2,702.75,3.945,0.0,0
482782720,1,234.0,4.79,0.0,0
483491055,2,352.105,4.859999999999999,1.0,1
485239542,1,685.0,4.62,0.0,0
485328839,1,306.98,4.86,1.0,1
487591231,1,2245.0,4.93,1.0,1
488008990,2,317.925,4.8149999999999995,0.0,0
489130124,1,278.85,5.0,0.0,0
489222662,6,501.0933333333333,4.9750000000000005,1.0,1
489352130,1,1176.5,5.0,0.0,0
489462133,1,278.85,4.85,0.0,0
490478886,2,278.85,4.925,1.0,1
491301398,11,277.27272727272725,4.621818181818182,0.0,0
491665089,1,1250.0,5.0,0.0,0
492758013,3,254.4433333333333,4.876666666666666,1.0,1
493644675,3,205.0,4.713333333333334,1.0,1
494658101,3,101.93,4.866666666666666,0.0,0
495439249,3,300.23333333333335,4.8999999999999995,0.0,0
495932175,1,457.61,4.93,0.0,0
501889213,7,186.2642857142857,4.821428571428571,1.0,1
501999278,51,1106.3776470588236,4.750588235294118,0.0,2
501999514,12,736.1666666666666,4.819166666666667,0.0,0
502043395,23,473.60521739130434,4.9173913043478255,1.0,1
502500151,1,449.0,4.87,0.0,0
503403347,1,313.04,4.75,0.0,0
504179464,1,653.0,4.94,1.0,1
505202449,11,453.6818181818182,4.921818181818182,1.0,1
505588339,1,673.5,5.0,1.0,1
505603593,1,337.0,5.0,1.0,1
506331310,2,538.265,4.890000000000001,1.0,1
507787766,1,518.0,4.99,1.0,1
507996585,1,290.31,5.0,0.0,0
508760846,1,40.49,4.85,0.0,0
508875857,1,278.85,5.0,0.0,0
508953862,1,278.85,4.8,0.0,0
509915863,1,388.0,4.0,0.0,0
510712953,2,399.25,4.7,0.0,0
510884157,1,278.85,4.92,0.0,0
512622336,1,742.0,4.85,0.0,0
512880683,1,252.84,4.85,0.0,0
513943404,1,278.85,5.0,0.0,0
516261630,1,278.85,5.0,0.0,0
518080572,3,325.6666666666667,3.7533333333333334,0.0,0
518882444,14,950.5485714285714,4.860714285714286,0.0,0
520718503,1,341.5,4.99,1.0,1
522128667,3,345.6033333333333,4.88,1.0,1
522957766,1,693.5,5.0,1.0,1
523322767,9,442.55555555555554,4.801111111111111,1.0,1
523515799,43,286.96046511627907,4.620232558139535,0.0,2
523739890,1,224.52,4.67,0.0,0
525421476,1,371.0,4.68,0.0,0
526726176,1,814.33,4.97,1.0,1
526738308,1,987.5,4.88,1.0,1
528489640,5,357.2,4.774,1.0,1
530105776,1,679.0,4.73,0.0,0
532483285,1,110.79,4.75,0.0,0
534020332,1,585.0,4.9,1.0,1
535531649,1,120.83,4.0,0.0,0
537486605,1,29.01,4.85,0.0,0
538827522,3,188.0,4.423333333333333,0.0,0
539671081,2,149.0,3.835,0.0,0
540652515,2,596.5,4.779999999999999,0.0,0
541813300,32,107.71875,4.7040625,0.0,2
541993082,4,133.0,4.9575,1.0,1
542598434,4,543.5,4.975,1.0,1
543604484,4,437.88750000000005,4.92,0.0,0
543706658,3,299.62666666666667,4.84,0.0,0
544558363,3,295.56666666666666,4.95,0.0,0
545223253,12,289.8,4.670833333333333,0.0,0
545286374,1,449.0,4.89,1.0,1
547315892,1,278.85,4.85,0.0,0
548227369,1,136.55,4.0,0.0,0
548573234,1,717.64,4.86,1.0,1
551109280,1,276.57,5.0,0.0,0
552168586,1,384.33,5.0,1.0,1
552618288,1,221.28,4.85,0.0,0
555865871,2,269.1,4.98,0.0,0
560398446,1,278.85,4.85,0.0,0
560883922,6,553.5,4.955,1.0,1
560949178,1,411.0,4.82,0.0,0
563131266,1,456.47,4.67,1.0,1
563226634,3,501.51,4.3133333333333335,0.0,0
563246552,50,406.31,4.7177999999999995,1.0,2
564117259,1,853.28,5.0,0.0,0
565526469,7,243.52714285714288,4.5528571428571425,0.0,0
565835592,19,357.6157894736842,4.858421052631579,0.0,0
566705299,6,314.5466666666667,4.445,1.0,1
566734323,10,955.713,4.971,1.0,1
567083285,1,196.0,4.66,0.0,0
567864561,1,384.0,4.68,0.0,0
567910107,1,254.32,4.85,0.0,0
569249417,1,644.0,4.84,1.0,1
569487447,1,478.15,4.93,1.0,1
570240112,5,278.85,4.68,0.0,0
571689221,3,667.3666666666667,4.83,1.0,1
571767922,4,235.4625,4.8,0.0,0
572279043,5,1132.926,4.898,0.0,0
575016942,3,278.85,4.85,0.0,0
575442727,1,278.85,5.0,0.0,0
578474534,2,333.98,4.675,0.0,0
578741487,15,545.3333333333334,4.826666666666667,0.0,0
579619676,1,253.0,4.66,0.0,0
583290692,1,245.93,4.81,0.0,0
584728590,1,707.53,4.85,0.0,0
586189161,1,316.0,4.97,1.0,1
586870169,14,360.0214285714286,4.7628571428571425,1.0,1
587499430,1,349.2,4.62,0.0,0
587922682,2,582.06,4.93,1.0,1
588348154,1,1712.0,4.85,0.0,0
589121956,6,324.31666666666666,4.781666666666667,1.0,1
592694480,2,800.5350000000001,4.99,1.0,1
594041047,6,686.36,4.91,1.0,1
595793521,1,162.48,5.0,0.0,0
596202722,1,123.41,4.93,1.0,1
596903233,2,479.5,4.855,1.0,1
597726772,1,404.0,4.96,1.0,1
650027755,1,666.5,4.96,1.0,1
651071393,1,192.86,4.76,0.0,0
655975621,2,889.025,4.925,1.0,1
656025446,2,423.95000000000005,4.855,1.0,1
656600011,1,285.29,4.87,0.0,0
657106909,8,317.3225,4.297499999999999,0.0,0
657483974,18,303.1472222222222,4.589444444444444,0.0,0
658251749,1,244.47,4.83,0.0,0
660102285,2,607.34,4.92,1.0,1
660185136,1,278.85,4.75,1.0,1
661352144,1,262.5,4.83,0.0,0
661545756,1,69.3,4.85,1.0,1
662449434,1,322.0,4.9,0.0,0
663084521,1,83.47,4.85,0.0,0
663373999,3,289.1433333333334,4.85,0.0,0
667031830,3,641.3266666666667,4.823333333333333,1.0,1
667479162,4,224.76250000000002,3.835,0.0,0
671166370,4,359.0,4.8475,1.0,1
672185981,7,227.9157142857143,4.867142857142857,1.0,1
673390380,1,329.0,4.65,0.0,0
674435381,3,102.76,4.8999999999999995,0.0,0
678435930,1,230.52,4.68,0.0,0
678507096,1,314.0,4.98,1.0,1
689149936,1,309.73,4.85,0.0,0
690415293,1,407.41,3.5,0.0,0
691723935,1,733.78,5.0,1.0,1
692164752,2,156.55,4.85,0.0,0
693051671,3,275.78333333333336,4.826666666666667,1.0,1
693719965,4,412.375,4.8175,1.0,1
693722844,5,378.2,4.744,1.0,1
693757423,5,414.2,4.758,0.0,0
693764808,2,249.265,5.0,1.0,1
693817137,7,536.1214285714285,4.8342857142857145,1.0,1
693887137,1,710.0,4.96,1.0,1
696034963,1,699.0,3.0,0.0,2
697111075,1,628.0,4.94,1.0,1
698562947,1,972.0,4.95,1.0,1
699041704,6,607.35,4.7,0.0,0
699580194,14,350.7142857142857,4.435714285714285,0.0,0
701107955,3,103.13666666666666,4.533333333333333,0.0,0
701648301,1,278.85,4.81,1.0,1
702332627,1,1215.09,5.0,0.0,0
702491717,1,209.0,4.65,0.0,0
703374799,1,278.85,4.85,0.0,0
704160625,1,598.0,4.08,0.0,0
704775460,1,571.0,4.5,0.0,0
707690155,1,113.63,4.85,0.0,0
712188886,2,24.105,4.85,0.0,0
712561017,5,892.976,4.859999999999999,1.0,1
715530718,1,435.0,5.0,0.0,0
716073438,10,270.418,4.88,1.0,1
717946252,35,337.2437142857143,4.6737142857142855,0.0,2
717956143,1,132.68,5.0,0.0,0
719174829,10,435.25,4.93,0.0,0
719223913,1,467.89,5.0,1.0,1
719361940,1,174.0,4.68,0.0,0
720005433,1,674.0,4.75,0.0,0
721152521,2,595.865,4.925,1.0,1
721564069,2,468.68999999999994,5.0,1.0,1
721792757,1,1113.0,4.85,0.0,0
722012399,1,1703.5,5.0,1.0,1
732149685,2,436.12,4.925,0.0,0
733171605,1,342.0,4.66,0.0,0
733951469,3,548.6666666666666,4.93,0.0,0
735408832,4,22.32,4.85,0.0,0
738307023,1,672.15,4.9,0.0,0
739989488,1,265.24,5.0,0.0,0
740660741,1,188.58,4.85,0.0,0
743596859,1,285.33,4.89,0.0,0
744139731,1,511.0,5.0,0.0,0
745127483,1,114.5,5.0,0.0,0
747702192,1,278.85,4.85,0.0,0
750895930,3,725.64,4.85,0.0,0
753808252,1,749.0,4.85,0.0,0
754862427,1,770.0,5.0,0.0,0
754940861,1,218.94,4.85,0.0,0
755026007,1,269.33,4.85,0.0,0
756023813,1,719.03,4.85,0.0,0
756082349,1,257.0,4.67,0.0,0
756346674,1,178.72,2.0,0.0,2
757286044,10,715.6,4.465,0.0,0
1666972785383125972,1,132.96,4.33,0.0,0
1668789566472925525,1,603.0,4.56,0.0,0
1670430849656959308,1,237.81,4.85,0.0,0
1670725538115217507,1,328.0,5.0,0.0,0
1671931541613423686,5,83.09,4.08,0.0,0
1679622166820001692,3,296.03333333333336,4.726666666666667,0.0,0
1681433063799719616,1,1061.0,5.0,0.0,0
1683540234995321877,18,307.1666666666667,4.638888888888889,0.0,0
1688589321616761232,1,543.0,4.85,0.0,0
1694941059490046933,1,691.0,4.85,0.0,0
